Tick,StoppedRobots,AvgDistance
1,0,1.57797
2,28,1.57849
3,32,1.57931
4,34,1.58066
5,42,1.58191
6,48,1.58377
7,53,1.58608
8,57,1.58877
9,62,1.59188
10,64,1.59529
11,66,1.59905
12,67,1.60294
13,67,1.60691
14,69,1.61121
15,72,1.61559
16,74,1.62008
17,75,1.62478
18,76,1.62952
19,76,1.63407
20,77,1.63849
21,77,1.64267
22,78,1.64569
23,78,1.6488
24,79,1.65151
25,80,1.65395
26,80,1.65699
27,81,1.65955
28,81,1.66214
29,81,1.66457
30,81,1.66643
31,82,1.66781
32,83,1.669
33,84,1.66979
34,84,1.67059
35,85,1.67115
36,85,1.67183
37,85,1.67253
38,87,1.67286
39,87,1.67288
40,88,1.67301
41,90,1.67299
42,90,1.67228
43,90,1.67163
44,90,1.67094
45,90,1.67018
46,90,1.66935
47,90,1.66846
48,90,1.66729
49,90,1.66596
50,91,1.66471
51,91,1.66336
52,91,1.66232
53,91,1.6611
54,91,1.65975
55,92,1.65828
56,92,1.65672
57,92,1.65519
58,92,1.65358
59,92,1.65204
60,92,1.65049
61,93,1.64894
62,93,1.64746
63,94,1.64621
64,94,1.64505
65,95,1.64398
66,95,1.64294
67,95,1.64221
68,95,1.64159
69,95,1.64103
70,95,1.64052
71,95,1.64007
72,95,1.63969
73,95,1.63936
74,95,1.6391
75,95,1.63893
76,95,1.6388
77,95,1.63867
78,95,1.63856
79,96,1.63846
80,97,1.63833
81,97,1.6384
82,97,1.63844
83,98,1.63842
84,98,1.63836
85,98,1.63801
86,99,1.63754
87,99,1.63705
88,99,1.63672
89,99,1.63642
90,99,1.63612
91,99,1.63582
92,99,1.63553
93,99,1.63524
94,99,1.63495
95,99,1.63466
96,99,1.63438
97,99,1.6341
98,99,1.63382
99,99,1.63354
100,99,1.63326
101,99,1.63299
102,71,1.63272
103,81,1.63197
104,83,1.63143
105,78,1.63116
106,82,1.63102
107,84,1.63123
108,83,1.63167
109,82,1.63257
110,84,1.63349
111,87,1.6349
112,88,1.6366
113,89,1.63788
114,89,1.63905
115,87,1.64005
116,86,1.64093
117,86,1.64182
118,88,1.64297
119,90,1.64424
120,90,1.64522
121,90,1.64627
122,90,1.64723
123,91,1.64843
124,90,1.64975
125,90,1.65079
126,91,1.6519
127,91,1.65318
128,91,1.65461
129,91,1.65559
130,91,1.65641
131,90,1.6572
132,89,1.65789
133,89,1.65818
134,89,1.65825
135,88,1.65817
136,89,1.65776
137,90,1.65716
138,88,1.65706
139,91,1.65686
140,90,1.6568
141,89,1.65747
142,91,1.65772
143,92,1.65794
144,92,1.65829
145,92,1.65876
146,92,1.65928
147,92,1.65987
148,92,1.66068
149,92,1.66151
150,91,1.66232
151,91,1.66281
152,91,1.66318
153,91,1.66322
154,91,1.66314
155,90,1.66296
156,91,1.66257
157,91,1.6619
158,92,1.6612
159,92,1.66045
160,92,1.65976
161,92,1.65905
162,93,1.65809
163,92,1.65712
164,93,1.65619
165,92,1.65526
166,93,1.65405
167,93,1.65267
168,93,1.65152
169,93,1.6506
170,93,1.64942
171,93,1.64795
172,94,1.64652
173,94,1.64515
174,94,1.6441
175,95,1.64304
176,96,1.6419
177,96,1.64074
178,96,1.63971
179,95,1.63867
180,95,1.63734
181,96,1.6359
182,96,1.6347
183,95,1.63342
184,95,1.63236
185,95,1.63135
186,94,1.63035
187,95,1.6292
188,95,1.62803
189,95,1.62702
190,96,1.62605
191,96,1.62508
192,96,1.62428
193,96,1.62352
194,96,1.62277
195,96,1.62201
196,96,1.62127
197,96,1.62053
198,96,1.61979
199,96,1.61906
200,96,1.61834
201,96,1.61762
202,96,1.6169
203,82,1.61619
204,89,1.61519
205,89,1.61436
206,82,1.61352
207,84,1.61212
208,87,1.61065
209,87,1.60966
210,87,1.60879
211,84,1.6078
212,88,1.60717
213,89,1.60667
214,88,1.60606
215,88,1.60538
216,88,1.60481
217,88,1.60425
218,86,1.60357
219,86,1.60324
220,88,1.60303
221,91,1.60316
222,91,1.60334
223,91,1.60356
224,92,1.60378
225,92,1.60398
226,91,1.60385
227,93,1.60361
228,94,1.60357
229,94,1.60383
230,94,1.60399
231,94,1.60415
232,94,1.60437
233,93,1.60464
234,95,1.60496
235,95,1.60532
236,94,1.60567
237,94,1.60601
238,95,1.60617
239,92,1.60633
240,95,1.60622
241,94,1.6061
242,93,1.60637
243,94,1.60649
244,95,1.60634
245,96,1.60626
246,96,1.60625
247,96,1.60603
248,96,1.60568
249,97,1.60533
250,97,1.60499
251,97,1.60473
252,97,1.60448
253,97,1.60421
254,97,1.60397
255,97,1.60379
256,96,1.60364
257,97,1.6036
258,96,1.60358
259,97,1.60343
260,97,1.60326
261,96,1.60318
262,96,1.60285
263,97,1.60225
264,96,1.60183
265,97,1.60157
266,96,1.60133
267,97,1.6008
268,97,1.60017
269,97,1.59982
270,97,1.5992
271,97,1.59853
272,96,1.59787
273,97,1.5969
274,97,1.59594
275,96,1.59525
276,96,1.59451
277,97,1.5935
278,97,1.59245
279,97,1.59158
280,96,1.59065
281,96,1.58947
282,97,1.58825
283,97,1.58728
284,98,1.58635
285,98,1.58544
286,98,1.58475
287,97,1.58412
288,98,1.58333
289,98,1.58252
290,97,1.58187
291,98,1.58109
292,98,1.58029
293,98,1.57966
294,99,1.57911
295,99,1.57861
296,99,1.57842
297,99,1.57834
298,99,1.57831
299,99,1.57835
300,99,1.57841
301,99,1.57847
302,99,1.57853
303,99,1.5786
304,88,1.57868
305,94,1.57842
306,94,1.5782
307,88,1.57768
308,89,1.57671
309,91,1.57572
310,91,1.57477
311,93,1.57412
312,89,1.57365
313,94,1.57348
314,95,1.57344
315,95,1.57329
316,95,1.57323
317,95,1.57328
318,95,1.57338
319,94,1.57328
320,93,1.57297
321,93,1.5726
322,95,1.57232
323,95,1.57214
324,95,1.57205
325,95,1.57213
326,96,1.5722
327,93,1.57203
328,94,1.57169
329,95,1.57168
330,95,1.57186
331,95,1.57188
332,97,1.57193
333,97,1.57202
334,95,1.57228
335,97,1.57239
336,97,1.57246
337,96,1.57272
338,96,1.57304
339,96,1.57316
340,93,1.57329
341,96,1.57304
342,95,1.57271
343,94,1.57278
344,94,1.57275
345,96,1.57267
346,97,1.57283
347,98,1.57296
348,98,1.5728
349,97,1.57278
350,98,1.57273
351,98,1.57267
352,98,1.57263
353,99,1.57257
354,99,1.57248
355,99,1.57241
356,99,1.57234
357,98,1.57228
358,99,1.57223
359,98,1.57218
360,99,1.572
361,99,1.5718
362,98,1.57173
363,98,1.57146
364,99,1.57099
365,98,1.57072
366,98,1.57063
367,97,1.57058
368,98,1.57021
369,98,1.5698
370,98,1.56955
371,98,1.56933
372,98,1.56912
373,97,1.56891
374,98,1.56871
375,98,1.56852
376,97,1.56833
377,97,1.5681
378,98,1.56767
379,98,1.5673
380,98,1.56723
381,97,1.56722
382,96,1.56698
383,97,1.56677
384,96,1.56659
385,97,1.56623
386,97,1.56584
387,97,1.5657
388,96,1.56561
389,97,1.56538
390,97,1.56516
391,96,1.56508
392,97,1.56503
393,98,1.56499
394,97,1.56496
395,98,1.56478
396,98,1.56457
397,98,1.56464
398,99,1.56477
399,99,1.5649
400,99,1.56511
401,99,1.56533
402,99,1.56556
403,99,1.56579
404,99,1.56603
405,90,1.56626
406,95,1.56647
407,96,1.56661
408,92,1.56652
409,92,1.56608
410,94,1.56543
411,94,1.56496
412,96,1.56449
413,91,1.56398
414,96,1.56348
415,98,1.5632
416,98,1.56286
417,98,1.56265
418,97,1.56241
419,97,1.56221
420,96,1.56205
421,95,1.5617
422,95,1.56121
423,97,1.56066
424,97,1.56045
425,97,1.56011
426,97,1.56
427,97,1.55987
428,96,1.55948
429,97,1.55897
430,98,1.55856
431,98,1.55826
432,96,1.55798
433,99,1.55756
434,99,1.55709
435,97,1.55672
436,100,1.55617
437,100,1.55562
438,99,1.55554
439,100,1.55553
440,100,1.55553
441,97,1.55553
442,100,1.55516
443,99,1.55474
444,99,1.55467
445,97,1.55469
446,99,1.55472
447,99,1.55502
448,100,1.55514
449,100,1.55495
450,99,1.55493
451,100,1.55488
452,100,1.55485
453,99,1.55485
454,100,1.55478
455,100,1.55471
456,100,1.5547
457,100,1.5547
458,99,1.5547
459,99,1.5547
460,98,1.55471
461,99,1.55459
462,99,1.55446
463,98,1.55442
464,98,1.55418
465,98,1.55406
466,99,1.55391
467,99,1.5538
468,98,1.55382
469,98,1.55361
470,98,1.55349
471,98,1.55332
472,98,1.55315
473,98,1.55299
474,97,1.55283
475,98,1.55238
476,98,1.55188
477,97,1.55169
478,97,1.55151
479,98,1.55116
480,99,1.55102
481,99,1.5509
482,99,1.55061
483,98,1.5503
484,99,1.54999
485,98,1.54968
486,99,1.54914
487,99,1.54881
488,99,1.5485
489,98,1.5482
490,98,1.54776
491,98,1.54733
492,97,1.54688
493,97,1.54632
494,98,1.54565
495,98,1.54496
496,99,1.54412
497,99,1.54349
498,98,1.54318
499,99,1.54285
500,99,1.54251
501,99,1.54224
502,99,1.54199
503,99,1.54174
504,99,1.54149
505,99,1.54124
506,91,1.541
507,95,1.54064
508,96,1.54028
509,93,1.53988
510,93,1.53938
511,95,1.53889
512,94,1.53838
513,96,1.53801
514,91,1.5375
515,94,1.53719
516,96,1.5369
517,96,1.53627
518,97,1.53571
519,96,1.53521
520,96,1.53477
521,94,1.53436
522,93,1.53388
523,93,1.53338
524,94,1.53283
525,94,1.5323
526,94,1.53177
527,96,1.53149
528,95,1.53132
529,95,1.53108
530,96,1.53092
531,97,1.53103
532,97,1.53117
533,94,1.53127
534,97,1.53124
535,97,1.53117
536,94,1.5312
537,96,1.53081
538,96,1.53038
539,95,1.53025
540,96,1.53015
541,96,1.53005
542,93,1.52997
543,95,1.52953
544,94,1.5291
545,94,1.52877
546,93,1.52822
547,95,1.52766
548,95,1.52753
549,95,1.52726
550,95,1.52681
551,95,1.52639
552,95,1.52598
553,95,1.52554
554,95,1.52516
555,97,1.52481
556,97,1.52464
557,97,1.52465
558,97,1.52472
559,97,1.52489
560,97,1.52513
561,97,1.52542
562,97,1.52565
563,97,1.52577
564,96,1.52589
565,97,1.52591
566,96,1.52602
567,97,1.52613
568,97,1.52627
569,97,1.52641
570,97,1.52653
571,97,1.52662
572,97,1.52661
573,97,1.5266
574,97,1.5266
575,96,1.5266
576,96,1.52631
577,96,1.52597
578,95,1.52564
579,96,1.52529
580,96,1.52495
581,97,1.52478
582,97,1.52466
583,97,1.52435
584,96,1.52403
585,97,1.52345
586,96,1.52281
587,97,1.52236
588,98,1.5219
589,98,1.5214
590,98,1.52109
591,98,1.52078
592,99,1.52042
593,98,1.52001
594,98,1.51983
595,98,1.5195
596,98,1.51891
597,99,1.51811
598,99,1.51754
599,98,1.51728
600,99,1.51709
601,99,1.51689
602,99,1.51668
603,99,1.51647
604,99,1.51626
605,99,1.51605
606,99,1.51585
607,91,1.51565
608,95,1.51538
609,96,1.51504
610,93,1.51466
611,93,1.51432
612,96,1.51386
613,95,1.51346
614,97,1.5134
615,92,1.51331
616,96,1.51355
617,98,1.51384
618,98,1.51421
619,99,1.51477
620,98,1.51506
621,99,1.5154
622,97,1.51578
623,96,1.51611
624,97,1.51642
625,98,1.51665
626,98,1.51688
627,97,1.51711
628,98,1.51736
629,97,1.51765
630,97,1.51804
631,98,1.5182
632,99,1.51841
633,99,1.51861
634,96,1.51878
635,99,1.51883
636,99,1.51885
637,97,1.519
638,99,1.5189
639,99,1.51875
640,98,1.51888
641,99,1.51907
642,99,1.51927
643,97,1.51947
644,99,1.51954
645,98,1.51959
646,97,1.51993
647,96,1.52022
648,98,1.52027
649,98,1.52058
650,98,1.521
651,97,1.52146
652,98,1.52202
653,98,1.52257
654,97,1.52302
655,96,1.52328
656,98,1.52341
657,98,1.52372
658,98,1.52414
659,98,1.52458
660,98,1.52503
661,97,1.52549
662,98,1.52613
663,98,1.52681
664,98,1.52732
665,97,1.5278
666,98,1.52816
667,97,1.52861
668,98,1.52907
669,98,1.52954
670,98,1.53004
671,98,1.53055
672,98,1.53106
673,98,1.53158
674,98,1.5321
675,98,1.53263
676,98,1.53316
677,98,1.5337
678,98,1.53424
679,96,1.53479
680,97,1.53534
681,97,1.53592
682,98,1.53649
683,98,1.53701
684,98,1.53748
685,97,1.5379
686,98,1.53829
687,98,1.53862
688,98,1.5389
689,99,1.53896
690,99,1.53899
691,99,1.539
692,98,1.539
693,98,1.53872
694,97,1.53838
695,97,1.53802
696,96,1.5375
697,96,1.53668
698,96,1.53573
699,96,1.53507
700,95,1.53438
701,96,1.53364
702,96,1.53275
703,96,1.53188
704,96,1.53098
705,96,1.53011
706,96,1.52925
707,96,1.52841
708,88,1.52757
709,92,1.52666
710,93,1.52575
711,88,1.52481
712,90,1.52385
713,93,1.52292
714,92,1.52215
715,96,1.52163
716,90,1.52107
717,94,1.52081
718,96,1.52061
719,96,1.52031
720,97,1.52024
721,96,1.51995
722,97,1.51975
723,95,1.51961
724,94,1.51944
725,95,1.51923
726,96,1.51895
727,96,1.5187
728,97,1.51845
729,97,1.51797
730,96,1.5181
731,96,1.51844
732,97,1.51853
733,98,1.51868
734,98,1.51885
735,95,1.51902
736,97,1.51918
737,97,1.51932
738,96,1.51959
739,97,1.51971
740,97,1.5197
741,96,1.51969
742,98,1.51972
743,98,1.51973
744,96,1.51962
745,98,1.51948
746,97,1.51941
747,96,1.51965
748,95,1.51987
749,99,1.51988
750,99,1.51984
751,99,1.52012
752,98,1.52045
753,98,1.52086
754,99,1.52121
755,98,1.52154
756,96,1.52172
757,98,1.52181
758,98,1.52189
759,98,1.52204
760,98,1.52221
761,98,1.52242
762,97,1.52265
763,98,1.52309
764,98,1.52359
765,98,1.52392
766,98,1.52425
767,99,1.52446
768,98,1.52476
769,99,1.52508
770,99,1.5254
771,99,1.52575
772,99,1.52611
773,99,1.52647
774,99,1.52653
775,99,1.52653
776,99,1.52677
777,99,1.52706
778,99,1.52711
779,99,1.52726
780,97,1.52739
781,98,1.52747
782,98,1.5275
783,99,1.52747
784,99,1.52739
785,99,1.52725
786,98,1.52701
787,98,1.52676
788,98,1.5264
789,98,1.52603
790,99,1.52553
791,99,1.525
792,99,1.52471
793,99,1.52447
794,99,1.52423
795,98,1.52399
796,99,1.52375
797,98,1.52352
798,99,1.52305
799,99,1.52254
800,99,1.52226
801,98,1.52204
802,98,1.52182
803,98,1.52158
804,98,1.52136
805,98,1.52119
806,98,1.52109
807,98,1.52102
808,99,1.52095
809,91,1.52089
810,94,1.521
811,97,1.52116
812,90,1.52124
813,92,1.52113
814,96,1.52075
815,94,1.52079
816,98,1.52093
817,92,1.52106
818,95,1.5215
819,96,1.522
820,96,1.52243
821,97,1.52287
822,96,1.52314
823,97,1.52362
824,95,1.52409
825,95,1.52445
826,96,1.52464
827,97,1.52487
828,96,1.52511
829,97,1.52496
830,97,1.52467
831,96,1.52491
832,96,1.52529
833,97,1.52536
834,98,1.52554
835,98,1.52573
836,96,1.52593
837,97,1.52608
838,96,1.52622
839,96,1.52638
840,98,1.52652
841,98,1.52669
842,96,1.5269
843,98,1.52729
844,98,1.52742
845,96,1.52761
846,98,1.52752
847,97,1.52753
848,96,1.52757
849,94,1.52751
850,97,1.52715
851,98,1.52666
852,98,1.52636
853,98,1.52615
854,97,1.52589
855,98,1.52556
856,98,1.52527
857,97,1.52493
858,99,1.52448
859,99,1.52417
860,99,1.52393
861,99,1.52371
862,99,1.52348
863,99,1.52327
864,100,1.52324
865,100,1.52344
866,99,1.52347
867,99,1.52347
868,100,1.5233
869,99,1.52323
870,100,1.5232
871,100,1.52318
872,100,1.52318
873,100,1.52318
874,100,1.52318
875,100,1.52318
876,100,1.52318
877,100,1.52318
878,100,1.52318
879,100,1.52318
880,100,1.52318
881,98,1.52318
882,98,1.52321
883,98,1.52326
884,98,1.52348
885,98,1.52368
886,98,1.52389
887,97,1.52411
888,97,1.52434
889,97,1.52463
890,98,1.52495
891,98,1.525
892,99,1.52501
893,99,1.52502
894,99,1.52527
895,99,1.52556
896,98,1.52585
897,99,1.52614
898,98,1.52644
899,98,1.52651
900,99,1.52653
901,99,1.52655
902,99,1.52681
903,99,1.52712
904,99,1.52743
905,99,1.52774
906,99,1.52805
907,99,1.52836
908,98,1.52868
909,99,1.52884
910,92,1.52896
911,94,1.52932
912,97,1.52973
913,90,1.53014
914,91,1.53008
915,95,1.52977
916,93,1.53008
917,96,1.53025
918,91,1.53028
919,95,1.53047
920,96,1.53078
921,96,1.53077
922,97,1.53064
923,96,1.53043
924,97,1.53026
925,94,1.53012
926,93,1.52971
927,94,1.52928
928,96,1.52891
929,95,1.52859
930,97,1.52813
931,97,1.52757
932,96,1.52758
933,94,1.52755
934,96,1.52747
935,97,1.52743
936,97,1.5273
937,96,1.52715
938,97,1.52698
939,96,1.52676
940,95,1.52658
941,97,1.52636
942,97,1.52616
943,96,1.52601
944,98,1.52604
945,98,1.52623
946,96,1.52629
947,98,1.52628
948,97,1.52626
949,96,1.52631
950,95,1.5263
951,97,1.52609
952,98,1.52581
953,98,1.52556
954,98,1.52541
955,98,1.52524
956,99,1.52512
957,98,1.52519
958,97,1.52516
959,99,1.52501
960,99,1.52504
961,99,1.52512
962,99,1.52515
963,98,1.52512
964,98,1.52486
965,99,1.52468
966,99,1.52465
967,98,1.52447
968,98,1.52428
969,99,1.52394
970,98,1.52366
971,99,1.52349
972,99,1.52335
973,99,1.52319
974,99,1.52303
975,99,1.52287
976,99,1.52272
977,99,1.52256
978,99,1.52242
979,99,1.52227
980,99,1.52213
981,99,1.52199
982,98,1.52186
983,98,1.52172
984,99,1.52158
985,99,1.52146
986,99,1.52133
987,99,1.52121
988,98,1.5211
989,98,1.52099
990,97,1.52091
991,100,1.52085
992,99,1.52076
993,99,1.52051
994,99,1.52025
995,100,1.51998
996,100,1.51971
997,99,1.51967
998,100,1.51967
999,100,1.51967
1000,99,1.51967
1001,99,1.51944
1002,99,1.51917
1003,99,1.5189
1004,99,1.51864
1005,99,1.51838
1006,99,1.51818
1007,99,1.51798
1008,99,1.51779
1009,98,1.5176
1010,99,1.51729
1011,93,1.51699
1012,95,1.51691
1013,97,1.51686
1014,90,1.51684
1015,92,1.51673
1016,96,1.51632
1017,95,1.51621
1018,98,1.51634
1019,93,1.51642
1020,97,1.51668
1021,97,1.51709
1022,97,1.51726
1023,98,1.51745
1024,97,1.51762
1025,98,1.51794
1026,96,1.5183
1027,95,1.51846
1028,95,1.5186
1029,97,1.5186
1030,95,1.51859
1031,96,1.51844
1032,96,1.51816
1033,97,1.51835
1034,94,1.51863
1035,96,1.51894
1036,97,1.51938
1037,97,1.51981
1038,96,1.52023
1039,98,1.52066
1040,98,1.5211
1041,97,1.52149
1042,99,1.52163
1043,98,1.52174
1044,97,1.52174
1045,99,1.52187
1046,99,1.52218
1047,97,1.52237
1048,99,1.52249
1049,98,1.52259
1050,97,1.52276
1051,96,1.52295
1052,98,1.52292
1053,99,1.52285
1054,99,1.52265
1055,98,1.52257
1056,99,1.52229
1057,100,1.52196
1058,99,1.52188
1059,98,1.52165
1060,100,1.52134
1061,100,1.52129
1062,100,1.52128
1063,100,1.52128
1064,99,1.52128
1065,99,1.52111
1066,100,1.5211
1067,100,1.52127
1068,99,1.52127
1069,99,1.52127
1070,100,1.52111
1071,99,1.52097
1072,100,1.52098
1073,100,1.521
1074,100,1.52101
1075,100,1.52101
1076,100,1.52101
1077,100,1.52101
1078,100,1.52101
1079,100,1.52101
1080,100,1.52101
1081,100,1.52101
1082,100,1.52101
1083,99,1.52101
1084,99,1.521
1085,100,1.52099
1086,100,1.52099
1087,100,1.52099
1088,100,1.52099
1089,99,1.52099
1090,99,1.521
1091,97,1.52103
1092,99,1.52101
1093,99,1.52092
1094,99,1.52083
1095,98,1.52074
1096,98,1.52046
1097,98,1.52023
1098,97,1.52007
1099,98,1.51992
1100,98,1.51982
1101,98,1.51983
1102,98,1.51986
1103,98,1.51989
1104,98,1.51993
1105,98,1.51998
1106,99,1.52003
1107,99,1.52008
1108,99,1.52033
1109,99,1.52061
1110,98,1.5209
1111,99,1.52119
1112,93,1.52148
1113,96,1.52179
1114,98,1.52217
1115,90,1.52254
1116,92,1.52269
1117,96,1.52251
1118,95,1.52251
1119,98,1.52288
1120,93,1.52321
1121,98,1.52371
1122,98,1.52429
1123,98,1.52438
1124,99,1.52441
1125,98,1.52441
1126,99,1.52455
1127,97,1.52471
1128,96,1.52462
1129,96,1.52445
1130,98,1.52409
1131,97,1.52369
1132,98,1.52312
1133,98,1.52247
1134,99,1.52209
1135,96,1.52173
1136,98,1.52137
1137,99,1.52106
1138,99,1.52072
1139,97,1.52036
1140,98,1.52011
1141,98,1.52004
1142,97,1.51992
1143,99,1.51959
1144,98,1.51924
1145,97,1.51874
1146,99,1.51839
1147,99,1.51825
1148,97,1.51793
1149,98,1.51751
1150,97,1.51709
1151,96,1.51665
1152,96,1.51614
1153,98,1.51584
1154,99,1.51559
1155,99,1.51521
1156,97,1.51496
1157,98,1.51456
1158,99,1.51436
1159,98,1.51418
1160,97,1.51403
1161,99,1.51388
1162,99,1.51383
1163,99,1.51387
1164,99,1.51393
1165,98,1.514
1166,98,1.5139
1167,99,1.51397
1168,99,1.51427
1169,98,1.51439
1170,98,1.51448
1171,99,1.51438
1172,98,1.51432
1173,99,1.51444
1174,99,1.51458
1175,99,1.51469
1176,99,1.5148
1177,99,1.51492
1178,99,1.51504
1179,99,1.51516
1180,99,1.51529
1181,99,1.51542
1182,99,1.51555
1183,99,1.51569
1184,98,1.51583
1185,98,1.51597
1186,99,1.51611
1187,99,1.51626
1188,99,1.51641
1189,99,1.51657
1190,98,1.51673
1191,98,1.5169
1192,97,1.5171
1193,99,1.51733
1194,99,1.51751
1195,99,1.51768
1196,99,1.51771
1197,99,1.51778
1198,99,1.5178
1199,98,1.51777
1200,99,1.51769
1201,99,1.51756
1202,99,1.51739
1203,99,1.51718
1204,99,1.51687
1205,99,1.51656
1206,98,1.51624
1207,99,1.51574
1208,99,1.51529
1209,99,1.51501
1210,99,1.51476
1211,98,1.51451
1212,99,1.51429
1213,93,1.51403
1214,96,1.51379
1215,98,1.51355
1216,90,1.51331
1217,91,1.51313
1218,95,1.51275
1219,94,1.51236
1220,97,1.51228
1221,92,1.51216
1222,97,1.51227
1223,98,1.51249
1224,98,1.51254
1225,99,1.5128
1226,98,1.51307
1227,99,1.51348
1228,97,1.51394
1229,96,1.5142
1230,96,1.51438
1231,98,1.51464
1232,96,1.51499
1233,97,1.51506
1234,98,1.5152
1235,99,1.51566
1236,96,1.51598
1237,98,1.51636
1238,99,1.51676
1239,99,1.51708
1240,97,1.51738
1241,98,1.51769
1242,98,1.51815
1243,97,1.51861
1244,99,1.51892
1245,98,1.51922
1246,97,1.51947
1247,99,1.51996
1248,99,1.52049
1249,98,1.52058
1250,99,1.52057
1251,98,1.52057
1252,96,1.52067
1253,95,1.52065
1254,98,1.52079
1255,98,1.52072
1256,99,1.52046
1257,97,1.52014
1258,98,1.51997
1259,99,1.51979
1260,98,1.51946
1261,97,1.51911
1262,99,1.51871
1263,99,1.51837
1264,99,1.51832
1265,100,1.51834
1266,99,1.51838
1267,99,1.51821
1268,100,1.51829
1269,100,1.51852
1270,99,1.51854
1271,99,1.51854
1272,100,1.5184
1273,99,1.5184
1274,100,1.51843
1275,100,1.51847
1276,100,1.51847
1277,100,1.51847
1278,100,1.51847
1279,100,1.51847
1280,100,1.51847
1281,100,1.51847
1282,100,1.51847
1283,100,1.51847
1284,100,1.51847
1285,99,1.51847
1286,99,1.51847
1287,100,1.51847
1288,100,1.51847
1289,100,1.51847
1290,100,1.51847
1291,99,1.51847
1292,99,1.51848
1293,98,1.51853
1294,100,1.51858
1295,100,1.51859
1296,100,1.51859
1297,100,1.51859
1298,100,1.51859
1299,100,1.51859
1300,99,1.51859
1301,100,1.51859
1302,100,1.51859
1303,100,1.51859
1304,100,1.51859
1305,100,1.51859
1306,100,1.51859
1307,99,1.51859
1308,100,1.51841
1309,100,1.5182
1310,100,1.51817
1311,100,1.51817
1312,99,1.51817
1313,100,1.51817
1314,94,1.51817
1315,97,1.51818
1316,99,1.51819
1317,92,1.51819
1318,93,1.51806
1319,97,1.51792
1320,96,1.51771
1321,99,1.51775
1322,94,1.51775
1323,98,1.51797
1324,99,1.51809
1325,99,1.51791
1326,100,1.5179
1327,99,1.5179
1328,100,1.51805
1329,98,1.51824
1330,96,1.51823
1331,96,1.51819
1332,99,1.51816
1333,97,1.51814
1334,97,1.51781
1335,98,1.51745
1336,99,1.51735
1337,96,1.51713
1338,98,1.51692
1339,99,1.5167
1340,99,1.51647
1341,97,1.51624
1342,98,1.51601
1343,98,1.51579
1344,97,1.51561
1345,99,1.51547
1346,98,1.51526
1347,97,1.51505
1348,99,1.51501
1349,99,1.51494
1350,98,1.51494
1351,99,1.51494
1352,98,1.51494
1353,97,1.51492
1354,95,1.51488
1355,99,1.51512
1356,98,1.51539
1357,99,1.51541
1358,97,1.51541
1359,98,1.5156
1360,99,1.51583
1361,98,1.516
1362,97,1.51615
1363,99,1.51602
1364,99,1.51589
1365,98,1.51604
1366,99,1.51631
1367,98,1.51659
1368,98,1.51682
1369,99,1.51706
1370,99,1.51731
1371,98,1.51753
1372,98,1.51776
1373,99,1.51796
1374,98,1.51818
1375,99,1.51844
1376,99,1.51872
1377,99,1.51896
1378,99,1.5192
1379,99,1.51944
1380,99,1.51969
1381,99,1.51993
1382,99,1.52018
1383,99,1.52043
1384,99,1.52068
1385,99,1.52094
1386,98,1.5212
1387,98,1.52146
1388,99,1.5217
1389,99,1.52197
1390,99,1.52224
1391,99,1.52251
1392,98,1.52272
1393,98,1.52295
1394,97,1.5232
1395,99,1.52346
1396,99,1.52372
1397,99,1.52397
1398,99,1.52419
1399,99,1.52437
1400,99,1.52455
1401,98,1.52474
1402,99,1.52492
1403,99,1.52495
1404,99,1.52495
1405,99,1.52495
1406,99,1.52495
1407,99,1.52495
1408,99,1.52495
1409,100,1.52486
1410,100,1.52486
1411,100,1.52486
1412,100,1.52486
1413,99,1.52486
1414,100,1.52486
1415,94,1.52486
1416,97,1.52487
1417,98,1.52489
1418,91,1.52494
1419,92,1.52484
1420,96,1.5244
1421,94,1.52434
1422,97,1.52444
1423,92,1.52448
1424,96,1.52469
1425,97,1.52484
1426,97,1.52472
1427,98,1.52483
1428,97,1.525
1429,97,1.52534
1430,96,1.52567
1431,94,1.52603
1432,94,1.52645
1433,97,1.52693
1434,95,1.52744
1435,95,1.5277
1436,97,1.52818
1437,98,1.52883
1438,95,1.52932
1439,97,1.52979
1440,98,1.53036
1441,98,1.53092
1442,97,1.5314
1443,98,1.53188
1444,98,1.5322
1445,97,1.53253
1446,99,1.53292
1447,98,1.53322
1448,97,1.5335
1449,99,1.53382
1450,99,1.53416
1451,98,1.53446
1452,99,1.53476
1453,98,1.53506
1454,97,1.53536
1455,95,1.53562
1456,99,1.53608
1457,98,1.53648
1458,99,1.53665
1459,97,1.53684
1460,98,1.53721
1461,99,1.53758
1462,98,1.5379
1463,97,1.53817
1464,99,1.53815
1465,99,1.53816
1466,98,1.53843
1467,99,1.53883
1468,98,1.53925
1469,98,1.5396
1470,99,1.53995
1471,99,1.5403
1472,98,1.54064
1473,98,1.54097
1474,99,1.54115
1475,98,1.54149
1476,99,1.54186
1477,99,1.54226
1478,99,1.54261
1479,99,1.54295
1480,99,1.5433
1481,99,1.54364
1482,99,1.54399
1483,99,1.54434
1484,99,1.54469
1485,99,1.54503
1486,99,1.54509
1487,98,1.54509
1488,98,1.54509
1489,99,1.54508
1490,99,1.54522
1491,99,1.54525
1492,99,1.5453
1493,98,1.5453
1494,98,1.54526
1495,97,1.54517
1496,99,1.54502
1497,99,1.54483
1498,99,1.54461
1499,99,1.54428
1500,99,1.54395
1501,99,1.54362
1502,98,1.54329
1503,99,1.54296
1504,99,1.54263
1505,99,1.54231
1506,99,1.54198
1507,99,1.54166
1508,98,1.54134
1509,98,1.54118
1510,99,1.54106
1511,99,1.54078
1512,99,1.54046
1513,99,1.54015
1514,98,1.53984
1515,99,1.53952
1516,93,1.53921
1517,97,1.53891
1518,98,1.53861
1519,91,1.5383
1520,92,1.53781
1521,97,1.53737
1522,94,1.53726
1523,97,1.53724
1524,92,1.53716
1525,95,1.53736
1526,96,1.53767
1527,96,1.5377
1528,97,1.53773
1529,97,1.53774
1530,97,1.53776
1531,96,1.53779
1532,95,1.53782
1533,95,1.53786
1534,98,1.53783
1535,96,1.53781
1536,95,1.53779
1537,97,1.53796
1538,98,1.53819
1539,95,1.53823
1540,97,1.53825
1541,98,1.5383
1542,97,1.53832
1543,96,1.53852
1544,97,1.53876
1545,97,1.53884
1546,96,1.53896
1547,98,1.53919
1548,97,1.5393
1549,96,1.53939
1550,98,1.53953
1551,98,1.53971
1552,97,1.53981
1553,99,1.5399
1554,98,1.54001
1555,97,1.54028
1556,95,1.54055
1557,99,1.54101
1558,98,1.54151
1559,99,1.54184
1560,97,1.54216
1561,97,1.54255
1562,98,1.54294
1563,97,1.54333
1564,96,1.5437
1565,98,1.54397
1566,98,1.54435
1567,97,1.54482
1568,98,1.54536
1569,97,1.5459
1570,97,1.54638
1571,98,1.54683
1572,98,1.54734
1573,97,1.54786
1574,97,1.54839
1575,98,1.54888
1576,97,1.54941
1577,98,1.54999
1578,98,1.5506
1579,98,1.55116
1580,98,1.55171
1581,98,1.55226
1582,98,1.55282
1583,98,1.55339
1584,98,1.55396
1585,98,1.55453
1586,98,1.5551
1587,98,1.55568
1588,97,1.55626
1589,97,1.55685
1590,98,1.55743
1591,98,1.55803
1592,98,1.55862
1593,98,1.55922
1594,97,1.55947
1595,97,1.55967
1596,96,1.55989
1597,98,1.56016
1598,98,1.56045
1599,98,1.56073
1600,98,1.56102
1601,98,1.56125
1602,98,1.56144
1603,97,1.56157
1604,98,1.56167
1605,98,1.56174
1606,98,1.56179
1607,98,1.56174
1608,98,1.56169
1609,97,1.56165
1610,97,1.56177
1611,98,1.56193
1612,98,1.56192
1613,98,1.56189
1614,98,1.56186
1615,97,1.56183
1616,100,1.5618
1617,94,1.56177
1618,98,1.56177
1619,99,1.56177
1620,92,1.56177
1621,91,1.56169
1622,98,1.56183
1623,95,1.56203
1624,98,1.56223
1625,94,1.56244
1626,97,1.56287
1627,98,1.56339
1628,98,1.56362
1629,99,1.56384
1630,99,1.56403
1631,99,1.56422
1632,97,1.56442
1633,96,1.56463
1634,96,1.56485
1635,99,1.565
1636,97,1.56516
1637,96,1.56531
1638,98,1.5656
1639,99,1.5658
1640,96,1.56598
1641,98,1.56617
1642,99,1.56639
1643,98,1.56657
1644,97,1.56693
1645,98,1.56731
1646,98,1.5675
1647,96,1.56779
1648,99,1.56812
1649,98,1.56839
1650,97,1.56859
1651,99,1.56883
1652,99,1.56913
1653,97,1.56935
1654,98,1.5694
1655,97,1.56943
1656,96,1.56947
1657,94,1.56949
1658,98,1.56971
1659,97,1.56979
1660,98,1.56985
1661,97,1.56992
1662,97,1.56999
1663,98,1.57006
1664,97,1.57012
1665,96,1.57014
1666,98,1.57004
1667,98,1.57002
1668,98,1.57012
1669,99,1.57028
1670,98,1.57059
1671,98,1.57086
1672,99,1.57113
1673,99,1.57139
1674,98,1.57166
1675,98,1.57193
1676,99,1.57214
1677,98,1.57241
1678,99,1.57274
1679,99,1.57309
1680,99,1.57338
1681,99,1.57366
1682,99,1.57395
1683,99,1.57424
1684,99,1.57454
1685,99,1.57483
1686,99,1.57513
1687,99,1.57543
1688,99,1.57574
1689,98,1.57604
1690,98,1.57635
1691,99,1.57665
1692,99,1.57696
1693,99,1.57728
1694,99,1.57759
1695,98,1.57791
1696,98,1.57824
1697,97,1.57857
1698,99,1.5789
1699,99,1.57922
1700,99,1.57955
1701,99,1.57988
1702,99,1.58021
1703,99,1.58054
1704,98,1.58088
1705,99,1.58121
1706,99,1.58154
1707,99,1.58188
1708,99,1.58222
1709,99,1.58257
1710,98,1.58291
1711,98,1.58342
1712,99,1.58387
1713,99,1.58423
1714,99,1.58458
1715,99,1.58493
1716,96,1.58528
1717,99,1.58561
1718,93,1.58596
1719,97,1.58631
1720,98,1.58666
1721,93,1.58702
1722,91,1.58713
1723,98,1.58745
1724,95,1.58787
1725,98,1.58801
1726,94,1.58837
1727,97,1.5887
1728,98,1.58928
1729,98,1.58957
1730,99,1.58982
1731,99,1.59
1732,99,1.59013
1733,97,1.5902
1734,96,1.59028
1735,96,1.59029
1736,99,1.59021
1737,97,1.59014
1738,96,1.59008
1739,98,1.59002
1740,99,1.58999
1741,96,1.58991
1742,98,1.58979
1743,99,1.5897
1744,98,1.58957
1745,97,1.58934
1746,98,1.5891
1747,99,1.58875
1748,96,1.58838
1749,99,1.58821
1750,98,1.58796
1751,97,1.58758
1752,99,1.58717
1753,99,1.58675
1754,98,1.58639
1755,99,1.58602
1756,98,1.58566
1757,97,1.5853
1758,95,1.58492
1759,99,1.58476
1760,98,1.58443
1761,99,1.58407
1762,98,1.58371
1763,98,1.58335
1764,99,1.58297
1765,98,1.5826
1766,97,1.58215
1767,99,1.58155
1768,98,1.58103
1769,98,1.58066
1770,98,1.58035
1771,97,1.58007
1772,97,1.57981
1773,98,1.57959
1774,99,1.57936
1775,98,1.57913
1776,98,1.57883
1777,99,1.57847
1778,98,1.57813
1779,99,1.57785
1780,99,1.57759
1781,99,1.57727
1782,99,1.57694
1783,99,1.57661
1784,99,1.57628
1785,99,1.57603
1786,99,1.57579
1787,99,1.57557
1788,99,1.57536
1789,99,1.57519
1790,98,1.57503
1791,98,1.57487
1792,99,1.57466
1793,99,1.57451
1794,99,1.57436
1795,99,1.57422
1796,98,1.57408
1797,98,1.57394
1798,97,1.57381
1799,99,1.57369
1800,99,1.57356
1801,99,1.57344
1802,99,1.57335
1803,99,1.57322
1804,99,1.57307
1805,98,1.57282
1806,99,1.57257
1807,99,1.57232
1808,99,1.57208
1809,99,1.57183
1810,99,1.57159
1811,98,1.57135
1812,98,1.57118
1813,99,1.57102
1814,99,1.5708
1815,99,1.57057
1816,99,1.57035
1817,96,1.57012
1818,99,1.5699
1819,93,1.56968
1820,97,1.56947
1821,98,1.56925
1822,93,1.56903
1823,91,1.56853
1824,98,1.56831
1825,95,1.56821
1826,98,1.5681
1827,94,1.56797
1828,97,1.56788
1829,98,1.56763
1830,98,1.56741
1831,99,1.56725
1832,99,1.56706
1833,99,1.56688
1834,97,1.5667
1835,96,1.56655
1836,96,1.56641
1837,99,1.5662
1838,97,1.56603
1839,96,1.5659
1840,98,1.5658
1841,99,1.56574
1842,96,1.56571
1843,98,1.56573
1844,99,1.56576
1845,98,1.5658
1846,97,1.56586
1847,98,1.56598
1848,100,1.5661
1849,97,1.56616
1850,100,1.5662
1851,99,1.5662
1852,98,1.56617
1853,100,1.56612
1854,100,1.56612
1855,99,1.56612
1856,100,1.56612
1857,99,1.56612
1858,98,1.56612
1859,96,1.56612
1860,100,1.56618
1861,99,1.56618
1862,100,1.56618
1863,99,1.56618
1864,99,1.56618
1865,100,1.56617
1866,99,1.56617
1867,97,1.56605
1868,98,1.56571
1869,97,1.56537
1870,98,1.56495
1871,98,1.56446
1872,97,1.56397
1873,97,1.56353
1874,97,1.56315
1875,98,1.56291
1876,97,1.56271
1877,97,1.56239
1878,98,1.56202
1879,97,1.56169
1880,98,1.56143
1881,99,1.56119
1882,99,1.5609
1883,99,1.56073
1884,99,1.5606
1885,99,1.56047
1886,99,1.56034
1887,99,1.56021
1888,99,1.56009
1889,99,1.55997
1890,99,1.55986
1891,98,1.55975
1892,98,1.55964
1893,99,1.55954
1894,99,1.55943
1895,99,1.55934
1896,99,1.55924
1897,98,1.55915
1898,98,1.55906
1899,97,1.55898
1900,99,1.5589
1901,99,1.55882
1902,99,1.55875
1903,99,1.55868
1904,99,1.55861
1905,99,1.55855
1906,98,1.55849
1907,99,1.55843
1908,99,1.55838
1909,99,1.55833
1910,99,1.55828
1911,99,1.55824
1912,98,1.5582
1913,97,1.55822
1914,99,1.55842
1915,99,1.55866
1916,99,1.55867
1917,99,1.55864
1918,96,1.55863
1919,99,1.55861
1920,93,1.55859
1921,97,1.55859
1922,98,1.55857
1923,93,1.55856
1924,90,1.55826
1925,97,1.5582
1926,94,1.55816
1927,97,1.55807
1928,92,1.55797
1929,95,1.55782
1930,96,1.55762
1931,97,1.55739
1932,98,1.55732
1933,98,1.55726
1934,98,1.55724
1935,96,1.55722
1936,95,1.55719
1937,95,1.55712
1938,98,1.55701
1939,96,1.55693
1940,95,1.55685
1941,97,1.55684
1942,98,1.55673
1943,95,1.55662
1944,98,1.55652
1945,99,1.55663
1946,98,1.55672
1947,97,1.55662
1948,97,1.5565
1949,99,1.5564
1950,96,1.55631
1951,99,1.55618
1952,98,1.55604
1953,97,1.55587
1954,99,1.55557
1955,99,1.55533
1956,98,1.5552
1957,99,1.55502
1958,98,1.55484
1959,97,1.55473
1960,95,1.55462
1961,99,1.55456
1962,98,1.55446
1963,99,1.55437
1964,98,1.55429
1965,98,1.55419
1966,100,1.5541
1967,100,1.55403
1968,99,1.55402
1969,100,1.55402
1970,99,1.55402
1971,100,1.55402
1972,100,1.55402
1973,99,1.55402
1974,99,1.55403
1975,99,1.55404
1976,100,1.55416
1977,99,1.55416
1978,99,1.55416
1979,100,1.55407
1980,99,1.55407
1981,99,1.55412
1982,100,1.55399
1983,100,1.55383
1984,100,1.5538
1985,100,1.5538
1986,100,1.5538
1987,100,1.5538
1988,100,1.5538
1989,100,1.5538
1990,100,1.5538
1991,100,1.5538
1992,99,1.5538
1993,99,1.5538
1994,100,1.5538
1995,100,1.5538
1996,100,1.5538
1997,100,1.5538
1998,99,1.5538
1999,99,1.55387
2000,98,1.55387
2001,100,1.55387
2002,100,1.55387
2003,100,1.55387
2004,100,1.55387
2005,100,1.55387
2006,100,1.55387
2007,99,1.55387
2008,100,1.55387
2009,100,1.55387
2010,100,1.55387
2011,100,1.55387
2012,100,1.55387
2013,100,1.55387
2014,98,1.55387
2015,100,1.55387
2016,100,1.55387
2017,100,1.55387
2018,100,1.55387
2019,97,1.55387
2020,100,1.55387
2021,94,1.55387
2022,98,1.55387
2023,99,1.55387
2024,95,1.55386
2025,92,1.55381
2026,99,1.55384
2027,96,1.55399
2028,100,1.5542
2029,95,1.55426
2030,98,1.55426
2031,98,1.55413
2032,98,1.55389
2033,99,1.55381
2034,99,1.55371
2035,100,1.55354
2036,98,1.55336
2037,97,1.55333
2038,97,1.55338
2039,100,1.55343
2040,98,1.55344
2041,97,1.55344
2042,99,1.55344
2043,100,1.55344
2044,96,1.55344
2045,99,1.55351
2046,100,1.55381
2047,99,1.55409
2048,98,1.55416
2049,98,1.55421
2050,100,1.55427
2051,97,1.5543
2052,100,1.5543
2053,99,1.5543
2054,98,1.55423
2055,100,1.55392
2056,100,1.55379
2057,99,1.55379
2058,99,1.55373
2059,98,1.55367
2060,97,1.55374
2061,95,1.5538
2062,99,1.55393
2063,98,1.55394
2064,99,1.55394
2065,98,1.55394
2066,97,1.55394
2067,99,1.55387
2068,99,1.5538
2069,98,1.55379
2070,99,1.55379
2071,98,1.55384
2072,100,1.55385
2073,100,1.5538
2074,99,1.55379
2075,99,1.5538
2076,99,1.55382
2077,100,1.55382
2078,99,1.55382
2079,99,1.55382
2080,100,1.55382
2081,99,1.55382
2082,99,1.55382
2083,100,1.55369
2084,100,1.55353
2085,100,1.5535
2086,100,1.5535
2087,100,1.5535
2088,100,1.5535
2089,100,1.5535
2090,100,1.5535
2091,100,1.5535
2092,100,1.5535
2093,99,1.5535
2094,99,1.5535
2095,100,1.55333
2096,100,1.5533
2097,100,1.5533
2098,100,1.5533
2099,99,1.5533
2100,99,1.5533
2101,98,1.5533
2102,100,1.5533
2103,100,1.5533
2104,100,1.5533
2105,100,1.5533
2106,100,1.5533
2107,100,1.5533
2108,99,1.5533
2109,100,1.5533
2110,100,1.5533
2111,100,1.5533
2112,100,1.5533
2113,100,1.5533
2114,100,1.5533
2115,98,1.5533
2116,100,1.5533
2117,100,1.5533
2118,100,1.5533
2119,100,1.5533
2120,97,1.5533
2121,100,1.5533
2122,94,1.5533
2123,98,1.5533
2124,99,1.5533
2125,95,1.55329
2126,92,1.55324
2127,99,1.5531
2128,96,1.55298
2129,100,1.55316
2130,95,1.55322
2131,98,1.55322
2132,99,1.55308
2133,99,1.5531
2134,100,1.55314
2135,99,1.55315
2136,100,1.553
2137,98,1.55283
2138,96,1.55283
2139,96,1.55287
2140,99,1.55292
2141,97,1.553
2142,96,1.55283
2143,98,1.55268
2144,99,1.55277
2145,95,1.55288
2146,98,1.5531
2147,99,1.55355
2148,98,1.55399
2149,97,1.55422
2150,97,1.55443
2151,99,1.55461
2152,96,1.55478
2153,99,1.55496
2154,98,1.55514
2155,97,1.55522
2156,99,1.55544
2157,100,1.55563
2158,100,1.55583
2159,100,1.55586
2160,99,1.55586
2161,98,1.55586
2162,96,1.55586
2163,100,1.55589
2164,99,1.55589
2165,100,1.55589
2166,99,1.55589
2167,98,1.55588
2168,100,1.55582
2169,100,1.55577
2170,99,1.55576
2171,100,1.55576
2172,98,1.55576
2173,100,1.55576
2174,100,1.55576
2175,99,1.55576
2176,99,1.55577
2177,99,1.55579
2178,100,1.55579
2179,99,1.55579
2180,99,1.55579
2181,100,1.55579
2182,99,1.55579
2183,99,1.55579
2184,100,1.55572
2185,100,1.55573
2186,100,1.55573
2187,100,1.55573
2188,100,1.55573
2189,100,1.55573
2190,100,1.55573
2191,100,1.55573
2192,100,1.55573
2193,100,1.55573
2194,99,1.55573
2195,99,1.55573
2196,100,1.55573
2197,100,1.55573
2198,100,1.55573
2199,100,1.55573
2200,99,1.55573
2201,99,1.55573
2202,98,1.55573
2203,100,1.55573
2204,100,1.55573
2205,100,1.55573
2206,100,1.55573
2207,100,1.55573
2208,100,1.55573
2209,99,1.55573
2210,100,1.55573
2211,100,1.55573
2212,100,1.55573
2213,100,1.55573
2214,100,1.55573
2215,100,1.55573
2216,98,1.55573
2217,100,1.55573
2218,100,1.55573
2219,100,1.55573
2220,100,1.55573
2221,97,1.55573
2222,100,1.55573
2223,94,1.55573
2224,98,1.55573
2225,99,1.55573
2226,95,1.55572
2227,92,1.55572
2228,99,1.55557
2229,95,1.55545
2230,98,1.55553
2231,93,1.55565
2232,97,1.55577
2233,98,1.55589
2234,98,1.55595
2235,99,1.55605
2236,98,1.5561
2237,99,1.556
2238,98,1.5559
2239,96,1.55592
2240,96,1.55598
2241,99,1.55605
2242,97,1.55614
2243,96,1.55598
2244,98,1.55588
2245,100,1.55599
2246,96,1.55614
2247,99,1.55624
2248,100,1.55638
2249,99,1.5564
2250,98,1.55645
2251,98,1.55651
2252,100,1.55652
2253,97,1.55652
2254,100,1.55652
2255,99,1.55652
2256,98,1.55652
2257,98,1.55662
2258,100,1.55683
2259,100,1.55703
2260,100,1.55706
2261,99,1.55706
2262,98,1.55706
2263,96,1.55706
2264,100,1.55708
2265,99,1.55708
2266,100,1.55708
2267,99,1.55708
2268,98,1.55708
2269,100,1.55707
2270,100,1.55707
2271,99,1.55707
2272,100,1.55707
2273,98,1.55707
2274,100,1.55706
2275,100,1.55706
2276,99,1.55706
2277,99,1.55708
2278,99,1.5571
2279,100,1.5571
2280,99,1.5571
2281,99,1.5571
2282,100,1.5571
2283,99,1.5571
2284,99,1.5571
2285,100,1.55711
2286,100,1.55709
2287,100,1.55709
2288,100,1.55709
2289,100,1.55709
2290,100,1.55709
2291,100,1.55709
2292,100,1.55709
2293,100,1.55709
2294,100,1.55709
2295,99,1.55709
2296,99,1.55709
2297,100,1.55709
2298,100,1.55709
2299,100,1.55709
2300,100,1.55709
2301,99,1.55709
2302,99,1.55709
2303,98,1.55709
2304,100,1.55709
2305,100,1.55709
2306,100,1.55709
2307,100,1.55709
2308,100,1.55709
2309,100,1.55709
2310,99,1.55709
2311,100,1.55709
2312,100,1.55709
2313,100,1.55709
2314,100,1.55709
2315,100,1.55709
2316,100,1.55709
2317,98,1.55709
2318,100,1.55709
2319,100,1.55709
2320,100,1.55709
2321,100,1.55709
2322,97,1.55709
2323,100,1.55709
2324,94,1.55709
2325,98,1.55709
2326,99,1.55708
2327,95,1.55708
2328,92,1.55707
2329,99,1.55693
2330,97,1.55672
2331,100,1.55673
2332,94,1.55674
2333,98,1.55675
2334,99,1.55676
2335,99,1.55679
2336,100,1.55683
2337,99,1.55684
2338,100,1.5567
2339,99,1.55656
2340,97,1.55655
2341,97,1.55655
2342,100,1.55655
2343,98,1.55655
2344,97,1.55655
2345,98,1.55647
2346,100,1.55663
2347,96,1.55678
2348,99,1.55692
2349,100,1.55707
2350,99,1.55709
2351,98,1.55714
2352,98,1.55722
2353,100,1.55723
2354,97,1.55724
2355,100,1.55723
2356,99,1.55723
2357,99,1.55724
2358,98,1.55724
2359,100,1.55747
2360,100,1.55768
2361,100,1.55771
2362,99,1.55771
2363,98,1.55771
2364,96,1.55771
2365,100,1.55774
2366,99,1.55774
2367,100,1.55774
2368,99,1.55774
2369,98,1.55774
2370,100,1.55774
2371,100,1.55774
2372,99,1.55774
2373,100,1.55774
2374,98,1.55774
2375,100,1.55774
2376,100,1.55774
2377,99,1.55774
2378,99,1.55776
2379,99,1.55779
2380,100,1.55779
2381,99,1.55779
2382,99,1.55779
2383,100,1.55779
2384,99,1.55779
2385,99,1.55779
2386,100,1.55777
2387,100,1.55773
2388,100,1.55772
2389,100,1.55772
2390,100,1.55772
2391,100,1.55772
2392,100,1.55772
2393,100,1.55772
2394,100,1.55772
2395,100,1.55772
2396,99,1.55772
2397,99,1.55772
2398,100,1.55772
2399,100,1.55772
2400,100,1.55772
2401,100,1.55772
2402,99,1.55772
2403,99,1.55772
2404,98,1.55772
2405,100,1.55772
2406,100,1.55772
2407,100,1.55772
2408,100,1.55772
2409,100,1.55772
2410,100,1.55772
2411,99,1.55772
2412,100,1.55772
2413,100,1.55772
2414,100,1.55772
2415,100,1.55772
2416,100,1.55772
2417,100,1.55772
2418,98,1.55772
2419,100,1.55772
2420,100,1.55772
2421,100,1.55772
2422,100,1.55772
2423,97,1.55772
2424,100,1.55772
2425,94,1.55772
2426,98,1.55772
2427,99,1.55772
2428,95,1.55771
2429,93,1.55771
2430,99,1.55751
2431,96,1.55732
2432,100,1.55734
2433,94,1.5574
2434,98,1.55742
2435,99,1.55743
2436,99,1.55746
2437,100,1.5575
2438,99,1.5575
2439,100,1.5574
2440,99,1.5573
2441,97,1.55729
2442,97,1.55729
2443,100,1.55729
2444,98,1.55729
2445,97,1.55729
2446,98,1.5572
2447,100,1.55735
2448,96,1.55752
2449,99,1.55766
2450,100,1.55783
2451,99,1.55785
2452,98,1.55791
2453,98,1.558
2454,100,1.55801
2455,97,1.55802
2456,100,1.55802
2457,99,1.55802
2458,99,1.55802
2459,98,1.55802
2460,100,1.55816
2461,100,1.55828
2462,100,1.55829
2463,99,1.55829
2464,98,1.55829
2465,96,1.55829
2466,100,1.55832
2467,99,1.55832
2468,100,1.55832
2469,99,1.55832
2470,98,1.55832
2471,100,1.55832
2472,100,1.55832
2473,99,1.55832
2474,100,1.55832
2475,98,1.55832
2476,100,1.55832
2477,100,1.55832
2478,99,1.55832
2479,98,1.55834
2480,98,1.55836
2481,99,1.5584
2482,98,1.55845
2483,98,1.55849
2484,99,1.55857
2485,98,1.5587
2486,98,1.55894
2487,99,1.55915
2488,99,1.55937
2489,99,1.55963
2490,99,1.55989
2491,99,1.56016
2492,99,1.56043
2493,99,1.5607
2494,99,1.56097
2495,99,1.56124
2496,99,1.56152
2497,98,1.5618
2498,98,1.56208
2499,99,1.56236
2500,99,1.56265
2501,99,1.56293
2502,99,1.56322
2503,98,1.56351
2504,98,1.56381
2505,97,1.5641
2506,99,1.5644
2507,99,1.56469
2508,99,1.56499
2509,99,1.56529
2510,99,1.56559
2511,99,1.5659
2512,98,1.5662
2513,99,1.56651
2514,99,1.56682
2515,99,1.56712
2516,99,1.56743
2517,99,1.56775
2518,99,1.56806
2519,97,1.56837
2520,99,1.56869
2521,99,1.56901
2522,99,1.56932
2523,99,1.56964
2524,96,1.5697
2525,99,1.5697
2526,93,1.56969
2527,97,1.56969
2528,98,1.56965
2529,94,1.56965
2530,92,1.56956
2531,99,1.56922
2532,95,1.56879
2533,99,1.56858
2534,93,1.5684
2535,96,1.56814
2536,97,1.56781
2537,97,1.56749
2538,98,1.56719
2539,97,1.56686
2540,98,1.56642
2541,98,1.56597
2542,96,1.56562
2543,96,1.56526
2544,99,1.56489
2545,97,1.56452
2546,96,1.56416
2547,97,1.5637
2548,99,1.56349
2549,95,1.5633
2550,98,1.56309
2551,99,1.56287
2552,98,1.56253
2553,97,1.56224
2554,97,1.56199
2555,99,1.56166
2556,96,1.5613
2557,99,1.56094
2558,98,1.56058
2559,98,1.56023
2560,97,1.55988
2561,99,1.55969
2562,99,1.55948
2563,99,1.55915
2564,98,1.55881
2565,97,1.55846
2566,95,1.55811
2567,99,1.55786
2568,98,1.5576
2569,99,1.5573
2570,98,1.55707
2571,97,1.55687
2572,99,1.55667
2573,99,1.55648
2574,98,1.5563
2575,99,1.55612
2576,97,1.55594
2577,99,1.55577
2578,99,1.5556
2579,99,1.55544
2580,98,1.55528
2581,98,1.55512
2582,99,1.55496
2583,98,1.55481
2584,98,1.55466
2585,99,1.55452
2586,98,1.55438
2587,98,1.55424
2588,99,1.55411
2589,100,1.55398
2590,100,1.55385
2591,100,1.55383
2592,100,1.55383
2593,100,1.55383
2594,100,1.55383
2595,100,1.55383
2596,100,1.55383
2597,100,1.55383
2598,99,1.55383
2599,99,1.55383
2600,100,1.55383
2601,100,1.55383
2602,100,1.55383
2603,100,1.55383
2604,99,1.55383
2605,99,1.55383
2606,98,1.55383
2607,100,1.55383
2608,100,1.55383
2609,100,1.55383
2610,100,1.55383
2611,100,1.55383
2612,100,1.55383
2613,99,1.55383
2614,100,1.55383
2615,100,1.55383
2616,100,1.55383
2617,100,1.55383
2618,100,1.55383
2619,100,1.55383
2620,98,1.55383
2621,100,1.55383
2622,100,1.55383
2623,100,1.55383
2624,100,1.55383
2625,97,1.55383
2626,100,1.55383
2627,94,1.55383
2628,98,1.55383
2629,99,1.55383
2630,95,1.55384
2631,93,1.55384
2632,100,1.55364
2633,96,1.55342
2634,100,1.55341
2635,95,1.55341
2636,98,1.55342
2637,99,1.55342
2638,99,1.55343
2639,100,1.55347
2640,99,1.55347
2641,99,1.55336
2642,99,1.55332
2643,97,1.55332
2644,97,1.55332
2645,100,1.55332
2646,98,1.55332
2647,97,1.55332
2648,98,1.55323
2649,100,1.55339
2650,96,1.55357
2651,99,1.55366
2652,100,1.55368
2653,99,1.55368
2654,98,1.55377
2655,98,1.55391
2656,100,1.55393
2657,97,1.55393
2658,100,1.55393
2659,99,1.55393
2660,99,1.55393
2661,98,1.55393
2662,100,1.55402
2663,100,1.55402
2664,100,1.55402
2665,99,1.55402
2666,98,1.55403
2667,96,1.55402
2668,100,1.55404
2669,99,1.55404
2670,100,1.55404
2671,99,1.55404
2672,98,1.55404
2673,100,1.55404
2674,100,1.55404
2675,99,1.55404
2676,100,1.55404
2677,98,1.55404
2678,100,1.55404
2679,100,1.55404
2680,100,1.55404
2681,99,1.55404
2682,99,1.55404
2683,100,1.55404
2684,99,1.55404
2685,99,1.55404
2686,100,1.55404
2687,99,1.55404
2688,99,1.55404
2689,99,1.55404
2690,100,1.55394
2691,100,1.55382
2692,100,1.5538
2693,100,1.5538
2694,100,1.5538
2695,100,1.5538
2696,100,1.5538
2697,100,1.5538
2698,100,1.5538
2699,99,1.5538
2700,99,1.5538
2701,100,1.5538
2702,100,1.5538
2703,100,1.5538
2704,100,1.5538
2705,99,1.5538
2706,99,1.5538
2707,98,1.5538
2708,100,1.5538
2709,100,1.5538
2710,100,1.5538
2711,100,1.5538
2712,100,1.5538
2713,100,1.5538
2714,99,1.5538
2715,100,1.5538
2716,100,1.5538
2717,100,1.5538
2718,100,1.5538
2719,100,1.5538
2720,100,1.5538
2721,98,1.5538
2722,100,1.5538
2723,100,1.5538
2724,100,1.5538
2725,100,1.5538
2726,97,1.5538
2727,100,1.55379
2728,94,1.55379
2729,98,1.5538
2730,99,1.55379
2731,95,1.55379
2732,93,1.55379
2733,100,1.5536
2734,96,1.55358
2735,100,1.55358
2736,95,1.55358
2737,98,1.55359
2738,99,1.55359
2739,99,1.55359
2740,100,1.55363
2741,99,1.55363
2742,99,1.55363
2743,99,1.55362
2744,97,1.55362
2745,97,1.55362
2746,100,1.55362
2747,98,1.55362
2748,97,1.55362
2749,98,1.55352
2750,100,1.55369
2751,96,1.55388
2752,99,1.55389
2753,100,1.55391
2754,99,1.55392
2755,97,1.55402
2756,97,1.55416
2757,99,1.55433
2758,96,1.55453
2759,99,1.55474
2760,98,1.55495
2761,98,1.55515
2762,97,1.55539
2763,99,1.55573
2764,99,1.55597
2765,99,1.55622
2766,98,1.55646
2767,97,1.55672
2768,95,1.55697
2769,99,1.55724
2770,98,1.5575
2771,99,1.55776
2772,98,1.55803
2773,97,1.55829
2774,99,1.55856
2775,99,1.55884
2776,98,1.55911
2777,99,1.55939
2778,97,1.55966
2779,99,1.55988
2780,99,1.56011
2781,99,1.56035
2782,98,1.56059
2783,98,1.5609
2784,99,1.56121
2785,98,1.56153
2786,98,1.56185
2787,99,1.5621
2788,98,1.56243
2789,98,1.56275
2790,98,1.56307
2791,99,1.5633
2792,99,1.56363
2793,99,1.56396
2794,99,1.56429
2795,99,1.56462
2796,99,1.56496
2797,99,1.5653
2798,99,1.56563
2799,99,1.56597
2800,98,1.56631
2801,98,1.56666
2802,99,1.567
2803,99,1.56734
2804,99,1.56769
2805,99,1.56804
2806,98,1.56839
2807,98,1.56874
2808,97,1.56909
2809,99,1.56944
2810,99,1.56979
2811,99,1.57014
2812,99,1.5705
2813,99,1.57086
2814,99,1.57121
2815,98,1.57157
2816,99,1.57193
2817,99,1.57229
2818,99,1.57265
2819,99,1.57301
2820,99,1.57337
2821,99,1.57373
2822,97,1.57401
2823,99,1.57427
2824,99,1.5745
2825,99,1.57469
2826,99,1.57483
2827,96,1.57492
2828,99,1.57496
2829,93,1.575
2830,97,1.57503
2831,98,1.57507
2832,94,1.57508
2833,92,1.57503
2834,99,1.57503
2835,95,1.57503
2836,99,1.57503
2837,94,1.57503
2838,97,1.57504
2839,98,1.57525
2840,98,1.57547
2841,99,1.57568
2842,98,1.5757
2843,98,1.5757
2844,98,1.57567
2845,96,1.57557
2846,96,1.57543
2847,99,1.57524
2848,97,1.57501
2849,96,1.57475
2850,97,1.57438
2851,99,1.57403
2852,95,1.57368
2853,98,1.57332
2854,99,1.57297
2855,99,1.5726
2856,97,1.57223
2857,97,1.57187
2858,99,1.57152
2859,96,1.57115
2860,99,1.57078
2861,98,1.57041
2862,98,1.57005
2863,97,1.56969
2864,98,1.56946
2865,99,1.56919
2866,99,1.56896
2867,98,1.56861
2868,97,1.56825
2869,95,1.56788
2870,99,1.56756
2871,98,1.5672
2872,99,1.56684
2873,98,1.56649
2874,97,1.56613
2875,99,1.56578
2876,99,1.56543
2877,98,1.56508
2878,99,1.56473
2879,97,1.56438
2880,99,1.56403
2881,99,1.56369
2882,99,1.56334
2883,98,1.563
2884,98,1.56266
2885,99,1.56232
2886,98,1.56199
2887,98,1.56165
2888,99,1.56132
2889,98,1.56099
2890,98,1.56066
2891,98,1.5604
2892,99,1.56016
2893,99,1.55993
2894,99,1.55973
2895,99,1.55955
2896,99,1.55937
2897,99,1.55921
2898,99,1.55905
2899,99,1.55889
2900,99,1.55873
2901,98,1.55858
2902,98,1.55843
2903,99,1.55828
2904,99,1.55814
2905,99,1.55799
2906,99,1.55786
2907,98,1.55772
2908,98,1.55759
2909,97,1.55746
2910,99,1.55734
2911,99,1.55722
2912,99,1.5571
2913,99,1.55701
2914,99,1.55689
2915,99,1.55674
2916,98,1.55655
2917,99,1.55629
2918,99,1.55601
2919,99,1.55574
2920,99,1.55546
2921,99,1.55519
2922,99,1.55492
2923,97,1.55466
2924,99,1.5544
2925,99,1.55414
2926,99,1.55388
2927,99,1.55362
2928,96,1.55336
2929,99,1.55311
2930,93,1.55286
2931,97,1.55261
2932,98,1.55223
2933,94,1.55193
2934,92,1.55169
2935,99,1.55143
2936,95,1.55119
2937,99,1.55096
2938,94,1.55073
2939,97,1.5505
2940,98,1.55028
2941,98,1.55006
2942,99,1.54987
2943,98,1.54966
2944,98,1.54944
2945,98,1.54922
2946,96,1.54901
2947,96,1.5488
2948,99,1.5486
2949,97,1.5484
2950,96,1.5482
2951,97,1.54807
2952,99,1.54808
2953,95,1.54806
2954,98,1.54803
2955,99,1.54802
2956,100,1.54802
2957,98,1.54806
2958,98,1.54807
2959,100,1.54807
2960,97,1.54807
2961,100,1.54808
2962,99,1.54808
2963,99,1.54808
2964,99,1.54808
2965,99,1.54808
2966,100,1.5482
2967,100,1.54821
2968,99,1.54821
2969,98,1.54821
2970,96,1.54821
2971,100,1.54824
2972,99,1.54824
2973,100,1.54824
2974,99,1.54824
2975,98,1.54824
2976,100,1.54824
2977,100,1.54824
2978,99,1.54824
2979,100,1.54824
2980,98,1.54824
2981,100,1.54824
2982,100,1.54824
2983,100,1.54824
2984,99,1.54824
2985,99,1.54824
2986,100,1.54824
2987,99,1.54824
2988,99,1.54824
2989,100,1.54821
2990,99,1.54821
2991,99,1.54821
2992,99,1.54821
2993,100,1.54821
2994,100,1.54822
2995,100,1.54822
2996,100,1.54822
2997,100,1.54822
2998,100,1.54822
2999,100,1.54822
3000,100,1.54822
3001,100,1.54822
3002,99,1.54822
3003,99,1.54822
3004,100,1.54822
3005,100,1.54822
3006,100,1.54822
3007,100,1.54822
3008,99,1.54822
3009,99,1.54822
3010,98,1.54822
3011,100,1.54822
3012,100,1.54822
3013,100,1.54822
3014,100,1.54822
3015,100,1.54822
3016,100,1.54822
3017,99,1.54822
3018,100,1.54822
3019,100,1.54822
3020,100,1.54822
3021,100,1.54822
3022,100,1.54822
3023,100,1.54822
3024,98,1.54822
3025,100,1.54822
3026,100,1.54822
3027,100,1.54822
3028,100,1.54822
3029,97,1.54822
3030,100,1.54822
3031,94,1.54822
3032,98,1.54822
3033,99,1.54821
3034,95,1.54821
3035,93,1.54818
3036,100,1.54817
3037,96,1.54817
3038,100,1.54817
3039,95,1.54817
3040,98,1.54819
3041,99,1.54818
3042,99,1.54819
3043,100,1.54823
3044,99,1.54823
3045,99,1.54823
3046,99,1.54822
3047,97,1.54822
3048,97,1.54822
3049,100,1.54822
3050,98,1.54822
3051,97,1.54822
3052,98,1.54813
3053,100,1.54815
3054,96,1.54818
3055,99,1.5482
3056,99,1.54824
3057,100,1.54833
3058,98,1.54844
3059,98,1.54846
3060,100,1.54848
3061,97,1.54848
3062,100,1.54848
3063,99,1.54848
3064,99,1.54848
3065,99,1.54848
3066,99,1.54848
3067,100,1.5486
3068,100,1.54864
3069,99,1.54865
3070,98,1.54865
3071,96,1.54864
3072,100,1.54868
3073,99,1.54868
3074,100,1.54868
3075,99,1.54868
3076,98,1.54867
3077,100,1.54867
3078,100,1.54867
3079,99,1.54867
3080,100,1.54867
3081,98,1.54867
3082,100,1.54867
3083,100,1.54867
3084,100,1.54867
3085,99,1.54867
3086,99,1.54867
3087,100,1.54867
3088,99,1.54867
3089,99,1.54867
3090,100,1.54865
3091,99,1.54865
3092,99,1.54865
3093,99,1.54865
3094,100,1.54865
3095,100,1.54866
3096,100,1.54866
3097,100,1.54866
3098,100,1.54866
3099,100,1.54866
3100,100,1.54866
3101,100,1.54866
3102,100,1.54866
3103,99,1.54866
3104,99,1.54866
3105,100,1.54866
3106,100,1.54866
3107,100,1.54866
3108,100,1.54866
3109,99,1.54866
3110,99,1.54866
3111,98,1.54866
3112,100,1.54866
3113,100,1.54866
3114,100,1.54866
3115,100,1.54866
3116,100,1.54866
3117,100,1.54866
3118,99,1.54866
3119,100,1.54866
3120,100,1.54866
3121,100,1.54866
3122,100,1.54866
3123,100,1.54866
3124,100,1.54866
3125,98,1.54866
3126,100,1.54866
3127,100,1.54867
3128,100,1.54867
3129,100,1.54867
3130,97,1.54867
3131,100,1.54866
3132,94,1.54866
3133,98,1.54867
3134,99,1.54865
3135,95,1.54865
3136,93,1.54862
3137,100,1.54863
3138,96,1.54863
3139,100,1.54863
3140,95,1.54863
3141,98,1.54863
3142,99,1.54863
3143,99,1.54864
3144,100,1.54868
3145,99,1.54868
3146,99,1.54868
3147,99,1.54868
3148,97,1.54868
3149,97,1.54868
3150,100,1.54868
3151,98,1.54867
3152,97,1.54867
3153,98,1.54859
3154,100,1.54861
3155,96,1.54865
3156,99,1.54868
3157,99,1.54873
3158,100,1.54882
3159,98,1.54894
3160,98,1.54895
3161,100,1.54895
3162,97,1.54895
3163,100,1.54895
3164,99,1.54895
3165,99,1.54896
3166,99,1.54896
3167,99,1.54896
3168,99,1.54911
3169,99,1.54917
3170,98,1.54936
3171,97,1.54948
3172,95,1.54967
3173,99,1.54983
3174,98,1.54999
3175,99,1.55018
3176,98,1.55037
3177,97,1.55056
3178,99,1.55077
3179,99,1.55099
3180,98,1.5512
3181,99,1.55142
3182,97,1.55163
3183,99,1.55188
3184,99,1.55214
3185,99,1.55239
3186,98,1.55265
3187,98,1.55291
3188,99,1.55318
3189,98,1.55344
3190,98,1.55371
3191,99,1.55393
3192,98,1.5542
3193,98,1.55448
3194,98,1.55476
3195,99,1.55504
3196,99,1.55533
3197,99,1.55562
3198,99,1.55591
3199,99,1.5562
3200,99,1.55649
3201,99,1.55678
3202,99,1.55708
3203,99,1.55737
3204,98,1.55767
3205,98,1.55798
3206,99,1.55828
3207,99,1.55858
3208,99,1.55889
3209,99,1.5592
3210,98,1.55951
3211,98,1.55982
3212,97,1.56014
3213,99,1.56045
3214,99,1.56077
3215,99,1.56109
3216,99,1.56141
3217,99,1.56173
3218,99,1.56206
3219,98,1.56238
3220,99,1.56271
3221,99,1.56304
3222,99,1.56309
3223,99,1.56309
3224,99,1.56339
3225,99,1.56344
3226,97,1.56365
3227,99,1.56387
3228,99,1.56405
3229,99,1.56418
3230,99,1.56427
3231,96,1.5643
3232,99,1.56427
3233,93,1.56416
3234,97,1.56404
3235,98,1.56392
3236,94,1.56381
3237,92,1.56364
3238,99,1.56352
3239,95,1.56342
3240,99,1.56332
3241,94,1.56322
3242,97,1.56312
3243,98,1.56302
3244,98,1.56294
3245,99,1.56289
3246,98,1.56281
3247,98,1.56272
3248,98,1.56264
3249,96,1.56257
3250,96,1.5625
3251,99,1.56243
3252,97,1.56237
3253,96,1.5623
3254,97,1.56216
3255,99,1.56213
3256,95,1.56212
3257,98,1.56212
3258,98,1.56213
3259,99,1.5621
3260,97,1.56206
3261,97,1.56204
3262,99,1.56202
3263,96,1.56199
3264,99,1.56197
3265,98,1.56195
3266,98,1.56193
3267,98,1.56192
3268,99,1.56191
3269,99,1.5619
3270,99,1.5619
3271,98,1.5619
3272,97,1.5619
3273,95,1.56191
3274,99,1.56196
3275,98,1.56197
3276,99,1.56199
3277,98,1.56201
3278,97,1.56204
3279,99,1.56207
3280,99,1.5621
3281,98,1.56214
3282,99,1.56218
3283,97,1.56222
3284,99,1.56227
3285,99,1.56232
3286,99,1.56233
3287,98,1.5623
3288,98,1.56223
3289,99,1.5621
3290,98,1.56192
3291,98,1.56171
3292,99,1.56145
3293,98,1.56112
3294,98,1.56077
3295,98,1.56042
3296,99,1.56008
3297,99,1.55975
3298,99,1.55941
3299,99,1.55907
3300,99,1.55872
3301,99,1.55839
3302,99,1.55805
3303,99,1.55771
3304,99,1.55738
3305,98,1.55704
3306,98,1.55671
3307,99,1.55638
3308,99,1.55605
3309,99,1.55572
3310,100,1.5554
3311,99,1.55507
3312,99,1.55502
3313,98,1.55502
3314,100,1.55502
3315,100,1.55502
3316,100,1.55502
3317,100,1.55502
3318,100,1.55502
3319,100,1.55502
3320,99,1.55502
3321,100,1.55502
3322,100,1.55502
3323,100,1.55502
3324,100,1.55502
3325,100,1.55502
3326,100,1.55502
3327,98,1.55502
3328,100,1.55502
3329,100,1.55502
3330,100,1.55502
3331,100,1.55502
3332,97,1.55502
3333,100,1.55502
3334,94,1.55502
3335,98,1.55502
3336,99,1.55502
3337,95,1.55502
3338,93,1.55501
3339,100,1.555
3340,96,1.555
3341,100,1.555
3342,95,1.555
3343,98,1.555
3344,99,1.555
3345,99,1.555
3346,100,1.55503
3347,99,1.55504
3348,99,1.555
3349,99,1.55494
3350,97,1.55494
3351,97,1.55494
3352,100,1.55494
3353,98,1.55494
3354,97,1.55494
3355,98,1.55487
3356,100,1.5549
3357,96,1.55496
3358,99,1.55501
3359,99,1.55509
3360,100,1.55509
3361,98,1.55509
3362,98,1.5551
3363,100,1.55511
3364,97,1.55511
3365,100,1.55511
3366,99,1.55511
3367,99,1.55511
3368,99,1.5551
3369,100,1.5551
3370,100,1.5551
3371,100,1.5551
3372,99,1.5551
3373,98,1.5551
3374,96,1.5551
3375,100,1.55512
3376,99,1.55512
3377,100,1.55512
3378,99,1.55512
3379,98,1.55512
3380,100,1.55512
3381,100,1.55512
3382,99,1.55512
3383,100,1.55512
3384,98,1.55512
3385,100,1.55512
3386,100,1.55512
3387,100,1.55512
3388,99,1.55512
3389,99,1.55512
3390,100,1.55512
3391,99,1.55512
3392,99,1.55512
3393,100,1.55499
3394,99,1.55499
3395,99,1.55499
3396,99,1.55499
3397,100,1.555
3398,100,1.55501
3399,100,1.55501
3400,100,1.55501
3401,100,1.55501
3402,100,1.55501
3403,100,1.55501
3404,100,1.55501
3405,100,1.55501
3406,99,1.55501
3407,99,1.55501
3408,100,1.55501
3409,100,1.55501
3410,99,1.55501
3411,100,1.55474
3412,99,1.55442
3413,99,1.55437
3414,98,1.55437
3415,100,1.55437
3416,100,1.55437
3417,100,1.55437
3418,100,1.55437
3419,100,1.55437
3420,100,1.55437
3421,99,1.55437
3422,100,1.55437
3423,100,1.55437
3424,100,1.55437
3425,100,1.55437
3426,100,1.55437
3427,100,1.55437
3428,98,1.55437
3429,100,1.55437
3430,100,1.55437
3431,100,1.55437
3432,100,1.55437
3433,97,1.55437
3434,100,1.55437
3435,94,1.55437
3436,98,1.55437
3437,99,1.55435
3438,95,1.55434
3439,93,1.55427
3440,100,1.55413
3441,96,1.55413
3442,100,1.55413
3443,95,1.55413
3444,98,1.55415
3445,99,1.55414
3446,99,1.55415
3447,100,1.55418
3448,99,1.55419
3449,99,1.55418
3450,99,1.55418
3451,97,1.55418
3452,97,1.55418
3453,100,1.55418
3454,98,1.55418
3455,97,1.55418
3456,98,1.55408
3457,100,1.55414
3458,96,1.55416
3459,99,1.55422
3460,99,1.55431
3461,100,1.55432
3462,98,1.55432
3463,98,1.55433
3464,100,1.55434
3465,97,1.55434
3466,100,1.55434
3467,99,1.55434
3468,99,1.55434
3469,99,1.55433
3470,100,1.55433
3471,100,1.55433
3472,100,1.55433
3473,99,1.55433
3474,98,1.55433
3475,96,1.55433
3476,100,1.55437
3477,99,1.55437
3478,100,1.55437
3479,99,1.55437
3480,98,1.55436
3481,100,1.55436
3482,100,1.55436
3483,99,1.55436
3484,100,1.55436
3485,98,1.55436
3486,100,1.55436
3487,100,1.55436
3488,100,1.55436
3489,99,1.55436
3490,99,1.55436
3491,100,1.55436
3492,99,1.55436
3493,99,1.55436
3494,100,1.5543
3495,99,1.5543
3496,99,1.5543
3497,99,1.5543
3498,100,1.55431
3499,100,1.55433
3500,100,1.55433
3501,100,1.55433
3502,100,1.55433
3503,100,1.55433
3504,100,1.55433
3505,100,1.55433
3506,100,1.55433
3507,99,1.55433
3508,99,1.55433
3509,100,1.55433
3510,100,1.55433
3511,99,1.55433
3512,100,1.55406
3513,99,1.55388
3514,99,1.55387
3515,98,1.55387
3516,100,1.55387
3517,100,1.55387
3518,100,1.55387
3519,100,1.55387
3520,100,1.55387
3521,100,1.55387
3522,99,1.55387
3523,100,1.55387
3524,100,1.55387
3525,100,1.55387
3526,100,1.55387
3527,100,1.55387
3528,100,1.55387
3529,98,1.55387
3530,100,1.55387
3531,100,1.55387
3532,100,1.55387
3533,100,1.55387
3534,97,1.55387
3535,100,1.55387
3536,94,1.55387
3537,98,1.55387
3538,99,1.55385
3539,95,1.55384
3540,93,1.55379
3541,100,1.55379
3542,96,1.55379
3543,100,1.55379
3544,95,1.55379
3545,98,1.55379
3546,99,1.55379
3547,99,1.5538
3548,100,1.55384
3549,99,1.55384
3550,99,1.55384
3551,99,1.55383
3552,97,1.55383
3553,97,1.55383
3554,100,1.55383
3555,98,1.55383
3556,97,1.55383
3557,98,1.55382
3558,100,1.55383
3559,96,1.55383
3560,99,1.5539
3561,99,1.55401
3562,100,1.55402
3563,98,1.55402
3564,98,1.55403
3565,100,1.55404
3566,97,1.55404
3567,100,1.55404
3568,99,1.55404
3569,99,1.55404
3570,99,1.55402
3571,100,1.55402
3572,100,1.55402
3573,100,1.55402
3574,99,1.55402
3575,98,1.55402
3576,96,1.55402
3577,100,1.55406
3578,99,1.55406
3579,100,1.55406
3580,99,1.55406
3581,98,1.55404
3582,100,1.55404
3583,100,1.55404
3584,99,1.55404
3585,100,1.55404
3586,98,1.55404
3587,100,1.55404
3588,100,1.55404
3589,100,1.55404
3590,99,1.55404
3591,99,1.55404
3592,100,1.55404
3593,99,1.55404
3594,99,1.55404
3595,100,1.55396
3596,99,1.55396
3597,99,1.55396
3598,99,1.55396
3599,100,1.55397
3600,100,1.55399
3601,100,1.55399
3602,100,1.55399
3603,100,1.55399
3604,100,1.55399
3605,100,1.55399
3606,100,1.55399
3607,100,1.55399
3608,99,1.55399
3609,99,1.55399
3610,100,1.55399
3611,100,1.55399
3612,99,1.55399
3613,100,1.55399
3614,99,1.55399
3615,99,1.55399
3616,98,1.55399
3617,100,1.55399
3618,100,1.55399
3619,100,1.55399
3620,100,1.55399
3621,100,1.55399
3622,100,1.55399
3623,99,1.55399
3624,100,1.55399
3625,100,1.55399
3626,100,1.55399
3627,100,1.55399
3628,100,1.55399
3629,100,1.55399
3630,98,1.55399
3631,100,1.55399
3632,100,1.55399
3633,100,1.55399
3634,100,1.55399
3635,97,1.55399
3636,100,1.55399
3637,94,1.55399
3638,98,1.55399
3639,99,1.55399
3640,95,1.55398
3641,93,1.5539
3642,100,1.55389
3643,96,1.5539
3644,100,1.5539
3645,95,1.5539
3646,98,1.5539
3647,99,1.5539
3648,99,1.55391
3649,100,1.55394
3650,99,1.55395
3651,99,1.55394
3652,99,1.55394
3653,97,1.55394
3654,97,1.55394
3655,100,1.55394
3656,98,1.55394
3657,97,1.55394
3658,98,1.55396
3659,100,1.55397
3660,96,1.55397
3661,99,1.55406
3662,99,1.55419
3663,100,1.55421
3664,98,1.55421
3665,98,1.55421
3666,100,1.55422
3667,97,1.55422
3668,100,1.55422
3669,99,1.55422
3670,99,1.5542
3671,99,1.55417
3672,100,1.55417
3673,100,1.55417
3674,100,1.55417
3675,99,1.55417
3676,98,1.55417
3677,96,1.55417
3678,100,1.55419
3679,99,1.55419
3680,100,1.55419
3681,99,1.55419
3682,98,1.55419
3683,100,1.55419
3684,100,1.55419
3685,99,1.55419
3686,100,1.55419
3687,98,1.55419
3688,100,1.55419
3689,100,1.55419
3690,100,1.55419
3691,99,1.55419
3692,99,1.55419
3693,100,1.55419
3694,99,1.55419
3695,99,1.55419
3696,100,1.5541
3697,99,1.5541
3698,99,1.5541
3699,99,1.5541
3700,100,1.55412
3701,100,1.55414
3702,100,1.55414
3703,100,1.55414
3704,100,1.55414
3705,100,1.55414
3706,100,1.55414
3707,100,1.55414
3708,100,1.55414
3709,99,1.55414
3710,99,1.55414
3711,100,1.55414
3712,100,1.55414
3713,99,1.55414
3714,100,1.55414
3715,99,1.55414
3716,99,1.55414
3717,98,1.55414
3718,100,1.55414
3719,100,1.55414
3720,100,1.55414
3721,100,1.55414
3722,100,1.55414
3723,100,1.55414
3724,99,1.55414
3725,100,1.55414
3726,100,1.55414
3727,100,1.55414
3728,100,1.55414
3729,100,1.55414
3730,100,1.55414
3731,98,1.55414
3732,100,1.55414
3733,100,1.55414
3734,100,1.55414
3735,100,1.55414
3736,97,1.55414
3737,100,1.55414
3738,94,1.55414
3739,98,1.55414
3740,99,1.55414
3741,95,1.55413
3742,93,1.55402
3743,100,1.554
3744,96,1.55399
3745,100,1.55399
3746,95,1.55399
3747,98,1.554
3748,99,1.554
3749,99,1.55401
3750,100,1.55405
3751,99,1.55405
3752,99,1.55404
3753,99,1.55404
3754,97,1.55404
3755,97,1.55404
3756,100,1.55404
3757,98,1.55404
3758,97,1.55404
3759,98,1.55403
3760,100,1.55406
3761,96,1.55406
3762,99,1.55416
3763,99,1.55431
3764,100,1.55433
3765,98,1.55433
3766,98,1.55434
3767,100,1.55435
3768,97,1.55435
3769,100,1.55435
3770,99,1.55435
3771,99,1.55432
3772,99,1.55427
3773,100,1.55427
3774,100,1.55427
3775,100,1.55427
3776,99,1.55427
3777,98,1.55427
3778,96,1.55427
3779,100,1.55429
3780,99,1.55429
3781,100,1.55429
3782,99,1.55429
3783,98,1.55429
3784,100,1.55429
3785,100,1.55429
3786,99,1.55429
3787,100,1.55429
3788,98,1.55429
3789,100,1.55429
3790,100,1.55429
3791,100,1.55429
3792,99,1.55429
3793,99,1.55429
3794,100,1.55429
3795,99,1.55429
3796,99,1.55429
3797,100,1.55413
3798,99,1.55413
3799,99,1.55413
3800,99,1.55413
3801,100,1.55415
3802,100,1.55418
3803,100,1.55418
3804,100,1.55418
3805,100,1.55418
3806,100,1.55418
3807,100,1.55418
3808,100,1.55418
3809,100,1.55418
3810,99,1.55418
3811,99,1.55418
3812,100,1.55418
3813,100,1.55418
3814,99,1.55418
3815,100,1.55418
3816,99,1.55418
3817,99,1.55418
3818,98,1.55418
3819,100,1.55419
3820,100,1.55419
3821,100,1.55419
3822,100,1.55419
3823,100,1.55419
3824,100,1.55419
3825,99,1.55419
3826,100,1.55418
3827,100,1.55418
3828,100,1.55418
3829,100,1.55418
3830,100,1.55418
3831,100,1.55418
3832,98,1.55418
3833,100,1.55419
3834,100,1.55419
3835,100,1.55419
3836,100,1.55419
3837,97,1.55419
3838,100,1.55419
3839,94,1.55419
3840,98,1.55419
3841,99,1.55419
3842,95,1.55416
3843,93,1.55407
3844,100,1.55399
